0.44028000504806,-0.732562355948633,-0.106759645754835
1.65950910099562,1.90529742547004,-2.13724069739799
-3.64174932577794,-2.25597997338752,-3.3288204681929
-4.19217458327527,-0.92770829174076,-0.173509893969472
-5.28963640546154,-2.953171027966,-1.1162384327159
-4.71252798275242,-1.44764541752096,-3.49009332142217
-1.21131809347625,-1.59631851118074,-0.835282853671084
1.99350664750622,1.21859271113627,-0.673806267610748
2.99109506804706,-1.60871124901778,-1.48192075081856
-1.31290289385647,1.34584900937454,-0.00805399319592148
-2.86807015024709,-1.0990014569862,-1.15721485532606
-5.00855340853287,0.0159500697735213,-0.727341440578497
-0.11895606965596,0.749137057640004,-1.30458112376125
1.32229538753626,1.76630247063461,0.758551406098752
2.38691321134318,-4.18386028483314,-0.0533204223933243
1.30756007492137,-1.53919026811217,0.0482684862238694
0.061912836631438,1.63631228995262,1.22478610003158
4.47687495806461,-0.127187612018126,-1.84224130222746
-0.0350706724995393,2.67593400147617,0.328536452643862
-0.359741521411669,-1.53096971735033,0.782426373795723
0.491605875199536,-1.19519664831833,-0.752156007398214
-2.76116630742473,-2.75751833919494,2.89369838029649
1.18741829680302,3.11668321907964,-1.2739631749157
-2.50380832021731,3.38017391957199,-0.161436206059898
-4.19697931651259,-0.886476758534078,-3.2127928176831
-6.62265098769285,1.13995467870304,-4.79395503129549
-3.99094984612527,1.26297719291512,-4.20298629898731
-2.50765086852168,-0.362195687523229,0.237272806056322
-0.173076606809924,2.28488866321589,-0.854089828978994
1.52734316754896,2.55704970544608,-1.45820258895506
-1.91764882516114,-1.89536309813474,2.33666729704799
-0.87201440409159,-2.42387220464112,2.11541583681386
0.712690811202274,-2.65398658285007,2.79099699073503
3.40729174188458,-0.540274938049138,2.84129998151197
2.59394548189688,-2.32686354923165,2.4079340125472
7.10298618101811,-0.491305095607619,0.88873649538465
6.34264828798096,-2.0738552207054,3.04984154763535
2.31306784190435,-1.31520776348903,-0.0222799396745899
0.894823625084273,0.79418196231816,0.72391240586802
-0.826499573135114,-1.52633654292873,1.17520663636947
-3.68785926663267,-0.924064584459936,1.31300569462474
-1.74062433046464,2.48221842772787,-0.521808271491362
-1.52873771074909,-2.38878379236824,-4.34061728078658
-0.991812970375392,1.9395692768,-0.287797898081017
0.196147898312693,1.58802588916975,1.20000768824752
0.893870402589614,-2.92742843090932,3.13494686096092
0.126719749991701,0.0660520211296052,-1.28332756535395
1.56434218875157,-2.50249033815164,-0.24980364662151
-1.63946135577866,-0.921344248170137,1.46812993582346
3.64295269718296,2.34723777934737,1.73104891986993
5.99283024257276,-0.292455736470898,0.855292306958471
2.93125372956187,0.79974091744982,2.1495553010062
1.24287524873669,-2.0564883949266,2.15209984822296
-0.842050561868586,-0.546085166806828,1.68608090382141
-0.0645713428132551,0.414568427638129,-6.39791463079669
-2.30780985173564,0.694867898286379,-1.76486971981757
-1.17720779142373,0.726117708478267,-0.516406002125521
3.66599164826013,-0.159086445775851,1.50701033929977
2.05012101558677,-3.95431052027791,-0.54215140910589
-4.40202998449123,-2.08324453423357,3.61080978725281
0.681248628157138,0.62387821066853,-1.9680522631049
-0.444274795229678,0.162701632599292,2.68547970916677
-2.12282699637517,-1.47168338163716,-0.135579265632397
1.67134020298279,1.31179985349292,0.823334876892805
-0.634936961938909,-0.0597754855271024,6.89210411749249
3.491676273248,0.446560115442301,1.62871822786983
0.0376292738422697,-3.01263109600417,-0.708412041026759
0.609832091305154,1.26998844189472,2.05280021828648
1.92255902271973,1.11581900466131,2.76151702399022
3.41462404471511,0.0606009240172563,6.37281863444113
3.61214156967464,-2.75818847187929,5.77172173765157
7.28347093761575,3.18239694128397,1.11885941362488
0.626027767380593,0.719802591097914,2.22789674483824
-0.782318083366482,0.661922820713927,1.55215272858922
0.310097492109652,0.182303679389083,0.0238191113103066
0.79086746134501,-1.15027673190504,-3.28384884217438
0.306860263252227,0.807776749276041,-5.67685863689763
1.46419019557231,-0.470584107825107,-0.0260413863206472
-0.36417075415223,-1.39537674348792,1.37036754528032
-0.416140775893993,0.491118688936973,2.4090268055042
3.95169634853166,2.27244439634105,-3.00187287215596
-2.66250699494275,1.30549268106574,-0.162066314363372
5.24791165840454,-0.394660978103705,-3.88625279098341
0.198540614001123,0.870023509665756,0.409906364319405
-0.428037128197423,0.274233620460002,-0.0711206566320211
0.877291723555248,-1.06632272448448,-3.93906580594633
2.70648547863005,-0.461420446089127,0.91801898912147
1.76802124671189,3.08378129614651,-2.70214455749532
-0.883981849264709,0.76633338865612,0.426943957550122
-1.2947170419502,0.874695577711103,0.226533422422949
-2.59917852159029,4.66668392655104,1.11264599255709
-0.293275797593819,-0.432902097072803,-0.793922304622396
-0.8624402676095,1.09675260221037,-3.36338725923367
-1.17112117679189,-0.813511679682846,0.443701470623118
-2.30931973804186,1.47640824192241,1.94615283023401
-2.02475020948549,-0.891705012367006,-1.91225955077212
-5.34857008381938,3.09495666992722,-4.98505808558834
-3.55800286512657,2.68960022533415,-2.35421302180706
0.499805865351864,-0.48344638678722,3.56345911061479
2.8365089123113,-1.09170957667706,1.83995425766699
4.49800820871145,-1.35316715248328,-0.830577612194625
5.6575512777362,0.436192150266273,-4.331816104922
4.22363008824332,2.24510675476263,-4.88986837015134
2.21976852604896,-2.8053983934373,1.90951449196039
4.62036241745978,0.871248325933273,2.21449366513967
2.47452695348137,1.18678819284278,-1.11170428729382
0.562331220421319,-0.16766008249382,2.84353216901307
0.0438902153843228,5.23283545801776,4.02448480810468
-3.00871069381413,-0.600166993463103,2.1750513440831
-5.45396145632609,-2.86362083484712,1.05936838017031
-4.45559635381288,-3.26147772243056,-2.42140095427093
-1.0060791265849,0.10993581931622,-3.4181966072919
0.582357111938107,3.01606299947187,-4.43241848248094
-3.2809912713938,3.09278883741157,1.78583524851502
1.580306514981,1.97919902991982,2.36159452527622
-0.901693584479525,-0.374775621230175,2.90520632821396
2.54617387323701,0.226977434814581,-2.32380586430484
1.46099158393598,-0.541862228414018,-1.17992350373289
1.64943297480621,-0.684647774389064,-0.918272397431049
-0.140181453920844,-0.676222638882461,-2.28242866786766
-0.740018583435865,3.20986870730866,0.22299992405566
-0.637447269573379,1.03162261747932,-0.00616698281950467
0.749486725252275,2.44316422035144,-2.42335893904987
-5.40581687257929,-0.858662801725562,-3.16797053198737
-5.07364042794989,2.05084063835921,-2.97411989473226
-6.83991197113571,-1.67899606788483,-1.95659584419363
-0.124245281704272,3.02011128606517,-6.30709273782257
-2.70633100010406,-2.19575382196013,-4.16285004866139
1.92321786763636,0.867520154535286,-3.32391500238825
0.309439102089235,-0.536913816432658,-3.96012496194755
-1.25840658040062,-0.408787728521555,-1.05427955015091
0.873800150028076,-2.13992983667788,-0.15652782480073
0.720334379206957,1.38820603772246,-0.0695225524751543
5.49029079648618,-0.0766739642872977,-2.81782251724733
-0.909316410570484,3.62067514092536,-0.0468494449422542
-3.80281767238611,3.19856111366602,-0.876131189339595
0.910224109927592,1.19279268110019,-4.26589298124486
-1.48546895231569,-0.183582797709509,-1.6296754676274
-3.91978697717851,1.3883640067117,0.289903407959428
-2.02250634187135,3.37080558239327,-0.851569695205688
1.54281456680779,2.04478328186896,-2.34695008446849
2.9888069088376,2.99460459227864,-2.03535262105171
-3.57910434740973,-1.00063874908735,-0.816981631714416
-0.211683343820104,0.997839086423303,-1.87895576521099
-2.27766960699654,2.52449100732649,-1.01318995497451
-0.512445939484067,3.20270563671767,-3.59271224457237
-4.89312857645264,-0.287541636201968,-0.365705929466477
-1.34528124857284,-2.1247930759166,-1.42674588826264
-0.912131194802016,4.29630157225413,2.74854090849379
2.61598039689206,1.36020096052166,5.83522813646748
2.52926177797128,-0.305990382726531,0.979100534866757
3.4563018544907,-0.588115524556888,0.832589482248267
0.360085415885141,-2.63605507383006,1.69809873744936
3.63932415705966,-3.77279798979245,3.06207797939409
4.46455765292252,-1.33126401755641,0.529498230067895
0.443548435709093,0.16695676443551,0.775227120549561
-1.32285580023307,-2.21148179767668,1.83819942361886
1.68024222506066,-1.93115431053757,0.113820406650798
0.294504933748362,2.15256836915204,-1.4650764199121
-0.928279663596908,-0.332395161347379,0.856195345047064
4.02920733573933,-2.28455219853145,1.58090625518856
2.71154526093101,-1.71529904972468,5.07481826047572
1.64595315932945,-4.52742414368796,1.90439216239385
-3.01224665032777,-3.11322576261576,-0.704532802078198
-6.14992112431767,4.46037406851124,1.35888012124585
-5.47799348787597,0.396065710273557,-0.944080070221911
-3.98223389251036,-0.173662924476903,-3.43363059033163
-3.87884369629244,2.69454805487029,-1.51735682102367
-4.19612792876805,0.05591150587831,-0.934984706962711
0.846334563496218,-0.525851971682599,-2.24216362970583
1.38937955171248,-2.43592497623703,3.92288054831169
1.24959535093578,-0.992726148886149,2.9855716878525
-1.98823434290013,-0.474623192026659,0.478004646292638
0.239686484558598,-0.241198486804228,0.3771193745816
0.913153579192309,2.79454122804924,-1.82039166568461
-1.00611394902135,-0.685064390354253,0.996171490401972
-0.998026728606434,0.830628523164519,1.87479627313524
-6.30426198821713,0.446046043605759,3.29021597851117
0.153172804544066,1.6305746268573,-0.809260701161045
-1.82393782095643,-3.08953518104111,1.88770145089443
-6.8609491580021,-2.12800664816346,-0.28158367371901
-1.04948271732323,3.19974299226361,-2.8598244278307
-1.36605591555074,-1.23313326169459,-3.30171723919103
3.02432212711998,1.29292031320625,-0.882388802754684
0.946033000762405,1.71003716014812,-0.370161935213879
2.87380738274785,-2.28354426925635,2.17406337498885
2.09981746329377,-2.07327013468545,0.733731472329422
1.29203073456792,1.62867910841484,1.11878576302896
3.73057057448518,1.21326619380063,0.263030004265586
2.63425674745866,-2.61960137955513,-0.0809525480442397
3.92188068115786,2.79173849180497,-3.07286614598393
-1.69226813550601,-1.07877838506394,3.43727866599543
2.08178889587039,-0.910017433504682,-0.548756372073853
-0.0332056612216106,-5.73980754901221,1.90862502773548
0.550111287408458,-2.95803114402212,2.44891027311595
1.44235183470664,2.06389043718998,-0.308183103504333
4.30750185105779,1.12009586327955,0.224539060297686
1.92443572060905,-4.22783477991239,-3.12020134990779
-0.0489801648287478,-1.21900595235553,0.833621884061131
4.01221562661163,-0.825082728667988,1.01542936348912
1.44298054604642,-0.784177496428477,2.67421121000743
0.148423519994133,-0.594181461087999,0.0657335406424391
0.211539009786845,-1.61193204033702,1.26419276408521
-2.24768400356016,1.68868873561182,-3.53067124362645
-1.83922965296678,-1.30176219215311,1.08734246521484
2.75567879109276,1.51748393118501,-1.44165930469432
2.1998478784513,0.828101615700603,-0.394530868495692
1.46988158855026,-1.54425756625635,1.61074129540209
2.67283947334825,-4.19951393157835,0.324361106207421
-2.94827385983723,-1.59666709997776,-0.947922828842564
-1.7037182130143,2.1828337695995,-3.65304160682395
-0.106835694752328,5.17423920851344,2.92423679994034
1.44572033513165,-0.40864876169936,0.224455296088606
-0.22440039683366,-2.46471391680744,1.23802709259465
2.33231449917035,0.832003945173665,1.80464036207301
-0.841114432664493,-4.9185533251321,4.17902375233957
1.17343351274753,2.86425754888057,-2.79283788872068
2.49804048700483,0.545369085132409,-1.53433682760477
-0.8773475590805,0.210695497240353,1.82884238535304
1.90653164413756,-1.04636807848844,2.50848190144475
4.32583693349311,0.180169117730847,3.78286200539876
3.00988279085293,0.720048069622936,-1.40797033323517
-0.193342987613842,-5.42811425615738,-0.178384551254185
-0.89574586729861,-1.92638518590253,-0.0128498556912534
-2.92007052854566,3.67556256610836,1.6514713546036
-1.51436397400408,0.784895798447401,-3.15035049009351
-2.72026593411243,2.59676011017799,-2.75748757524243
0.00824335698726619,3.25981338139798,0.929087974973319
1.42282736254966,-0.414140825538439,1.64008689376372
0.236973996742262,0.0257740851414743,1.25265294220117
-0.478327565961593,-2.22753842862267,1.52121633293009
0.589107578282048,-0.901137145196426,1.23520295612248
3.06061406963038,3.79374034577974,1.25396950231532
0.934868533523609,1.45484370288247,-0.815316167367051
2.31642998573043,0.312455153740202,1.272024535222
0.426433172707191,-2.79343064252221,-1.98587219110874
1.9163273102229,3.47353193888659,-1.25155299130865
-0.722588537203551,3.84334318991652,2.32655771362039
3.44007857851932,-1.56939138201062,-3.95027344856744
-1.44844317218738,-1.51214676137043,-0.103041197857704
-3.39239527455087,0.725318446506035,-1.39487318624748
-2.29392150073401,1.77767859573627,-4.64450660248061
-3.3262667659212,0.342322124101867,1.24841627058141
-2.16027181807162,-2.59270074824236,-0.239480893318095
-1.76130587990041,-1.21046397540717,0.113834754588762
2.65323174709419,-1.61158520700808,0.868614669225975
3.85652829441979,-2.85900409530616,4.50830895450179
1.53297918507784,-1.52634297579768,5.21375079728903
1.69255430986557,-3.45926185179978,5.5204870179247
5.22982794792245,-0.567404405211768,-2.51882333388898
0.581601203260876,1.46101741074503,-3.69364600216139
-2.36603189666845,-0.109342849711978,-1.24716680310152
2.23722957391533,-1.05058551416478,0.0439518645778186
2.88280391195134,1.17032473641926,0.894409460758885
2.73100628403812,3.02448737574371,-1.52099827173778
0.877473392125646,-0.00647336964582368,-2.41811069060814
-0.263922376736582,3.45891038625508,1.87065642862547
-6.15358339171302,1.97149047004823,2.7290492356606
2.01270518505963,-0.495249071509116,-2.83300123744768
-1.60835550077759,-0.0098658791649133,-0.710543351414236
-0.873934189060534,1.83077319939747,3.37860179415766
-1.55265500372473,-3.5716711533558,1.70201456316153
-0.516352936344794,-3.42606747964168,-1.48921457832116
1.89427023691931,0.165825286045565,-0.639814191756539
0.759537607640651,1.10169844618911,1.17672354363582
0.687158318277713,3.5948646459601,-2.11057904918471
-2.01704454681888,2.86757716372322,0.844010831701246
-1.00677067597544,0.126483791763821,-1.62241992649195
4.1352921473651,1.45913881120802,-0.717612772453931
-0.183703463230266,-1.44054184819572,1.84418281107857
1.96569831341356,-0.964391149888083,-2.58350104612112
1.35992467684735,0.989686542274585,3.18189618698265
0.924466870759509,-1.36101553252855,3.99099222950157
2.66982628651375,1.26637668584623,0.0466900101991312
1.98979740783475,3.44320131151905,-3.67932302021252
2.46708232603338,-2.48371496635812,-2.28495920379786
0.313724763396086,-0.0779994703661025,-2.49795828785054
1.78870707257275,0.735318574354693,-0.606219174056841
-0.754178302919546,-0.711989724083363,1.08275901026372
0.112604852695947,1.24067306850728,3.16083626727139
3.21810529018378,-0.796079135007827,4.27229144259589
3.29709911381406,1.98130552394129,-2.31401055210931
3.26022407943831,-2.14125824967843,1.44218345733628
3.8988089807616,-2.69113164586657,5.36919274958495
8.63868513854279,-5.75366588326698,3.5748936192938
6.36141914883175,-6.24581230775211,4.95795216930366
5.14066028335494,-3.94841511334106,4.92152131998125
4.61658129684365,-2.70075143796533,0.783796547140374
3.74852838054237,-1.91141042364662,-0.173981704871198
-1.12227214310968,1.17938683877538,3.17865235550824
-1.03931317562916,-1.56467331415419,-1.89936407547956
-0.188624873650082,-0.728572489959071,1.63447769388465
2.17436421291205,-2.41126105449529,-1.09105353939854
2.01130985737094,-0.426740796589405,-0.400797589032784
-2.46112674081913,-2.50746019461283,-0.674323563867171
-0.398324243916609,0.932759274638744,-1.34332456002296
-2.77723234207375,-1.23938504373876,-3.09910003925932
1.29033835597562,5.15761775149708,-2.27709808932909
-1.54686111443791,2.95896271151753,-3.86311675384703
3.40260097384885,-1.1813147926167,-1.58528881739196
-0.0151302106090896,1.47021511579677,2.9682287139286
1.50779934878059,-0.725397311713958,-0.800600161721467
-0.556976021443946,-2.62456646744456,4.62104029766985
4.70323590285406,-1.68812826783815,1.49533278340725
0.708159331796381,-1.58321926170932,1.76687139136034
-3.29193817517915,-6.15912660658817,4.78125271412377
-1.90402347433417,-2.02221927561921,2.18576266289989
-1.46557927720002,-2.45190785618231,3.27018588166387
0.00119931629413605,-2.54598503292625,3.38143138944986
5.0600909286677,-3.26481747824262,1.49382735620541
6.07332164835173,1.39685774945357,3.59516330338069
2.17177714629661,-4.37013352534207,0.406339814800665
0.460929854629285,-3.44990317026743,-1.50569635883808
1.62188079816597,-1.86668049586833,-0.26464426832085
0.0238997274231095,5.62206077044402,2.69530809976443
1.9063888752437,-0.13638993645241,-1.74065819362552
-1.21840331727186,3.04454304399046,1.13772875112301
-4.09868188430022,1.14812130994025,0.792689126988669
-2.02143698251097,0.954709903340165,-1.43468257631333
-0.684405724793232,0.0272251237893252,-1.18623263560952
-2.32818662088427,-2.58863617460095,-0.484019693409305
-3.34396495932006,1.44376376551335,4.24674961914051
-0.468575227697681,-1.57045095458512,3.30622684323239
0.457728275310559,-5.69937009749492,1.24719827819442
-0.073071998387614,-5.86621823420268,2.12002988202601
1.84554734766113,0.200399089676337,2.24137522347226
1.40702969975963,-1.58595931990826,-2.22369988446087
1.93056710634806,-0.852603008222467,-1.23833480440095
-0.104529464252995,-0.0176501694210522,1.86079002509787
-0.962111863408815,-1.42613089857596,-0.153613433448782
0.0257565760752556,1.64464088293658,0.397762890826528
0.515605893891806,1.2701180072541,-1.79899072129313
-0.119319358560894,0.224668230235218,-0.785614126102471
1.54002317770235,-2.65208484562527,0.882446603023496
2.71040830356939,-3.56891446953006,-0.0932713160349741
5.06454948161085,-0.523007849909762,0.652451409834845
0.905075169968543,-3.46901024681444,0.0861308229758919
0.714640254182297,-2.00654120021189,3.99013370604378
0.612909607300903,-3.87981426830344,2.44819847990899
0.303770148684491,0.886844730342777,-0.69260666242895
-1.38517737973014,3.85435870311875,-2.03783638573714
0.729441651978139,-3.34558852385299,-1.18073999642121
-0.691343609309692,-1.00019390092038,1.89187434057136
-2.26878162713405,1.62396001390203,-2.04989469855188
1.06504888733363,-2.73133920316053,-2.85052272494719
1.4686428513392,-2.55361503152995,-0.604422969126169
1.25481462758617,-1.6738618199736,-1.54702587473137
-1.04234577393887,0.000940417589215897,-3.46725776363474
-0.502319063844546,-4.52067690575084,-3.25893334206761
-2.17415089679591,-1.59537467657749,4.31548888332885
0.705873296425245,0.132543465470378,-0.613849536739919
1.35431048964869,-1.32249281860356,4.48490254961294
5.09211657408947,-1.97223783079773,-2.34841326571612
1.83732596486482,-2.77030474152806,-1.75034966087726
-5.26621594340078,-1.33604225446022,0.852136256772598
-1.31809591294586,-4.94843490249277,-1.3063595575624
-1.7506415819321,-1.99810442489174,3.29326244087746
0.0863279374162853,-1.66582470911894,1.33214299591926
1.68799924305894,-2.87287257841969,1.13585812770833
1.2409441533105,0.675743710997615,1.83329809095678
0.84912845449149,1.30012125341539,-0.315825510946967
2.90204061946675,-0.0202416386741209,1.02397761325946
1.18748674653232,1.02980530540672,5.17169027311304
3.29372501132481,-0.883103297484174,-0.509735932533006
3.60188985272192,-0.313335063302185,-1.00957774445298
1.1584036052562,1.83882550347821,0.313906534383326
-0.369554089656126,4.71816642550509,1.10074467242632
-3.15680540285559,1.74709048169128,-2.79622392753016
-3.7903199793415,3.2814627010868,-4.27121666800362
-0.212628845096394,1.71167008149427,-5.04503287660783
-2.23509266768326,4.45730537107382,-0.973656404449924
-4.12795238471509,1.81024314496569,-4.55285557838415
-3.54384703214792,3.0898598624154,1.81206870371139
-5.98725637142985,-1.55094344713897,-0.0549006217423647
-0.691407576981229,1.83007339387419,1.22661847797907
-2.84876190544124,-0.0416556364083126,2.53373366061756
-1.50993807887486,1.62374159242858,0.0212869226762655
-0.531490256978698,-0.0163034554825296,-0.0276462852635344
0.186978396900197,0.708346973317742,-0.554109771293114
-1.11026907750363,-2.18255933592382,-3.03956257030989
-3.99222587623762,2.5734896449218,-1.17215249090527
-0.18310939002764,4.66363882817606,-0.553654583171117
-2.44273863011946,-2.84487096841603,0.619970994845662
-1.15196682044454,2.08149162651822,-0.961010220393143
-0.644348057236518,2.42734357370677,-0.28120351024788
-1.8103613460441,-2.63740591125378,-6.18298837247015
-3.70383227810619,2.56615193111783,0.176941634190546
-2.53796379391926,0.817750718402006,-2.95480846230247
-1.21603350844196,1.62366379258458,-2.22233896966584
0.776900930358688,3.27772876878889,1.41078027128144
-0.240543580504853,3.2471696201718,1.09639449163259
0.52853718823641,5.15766565055522,-3.23086196981249
-5.51432366609462,2.44254778851476,-0.318051557466388
-2.96315874321447,3.87023005202916,-4.20160115649942
-2.45445851082589,4.75867015966678,-0.152016532948564
1.68416045688945,4.07385993829345,-1.75597580183848
-0.726575713950955,1.23273711507653,-2.57468009740199
-4.63082257740654,1.70199770407294,-5.00951946914804
-6.17705577625481,-0.093146995924795,-5.85138328568173
-5.65977153815498,2.81972652214997,1.353725881082
-2.39670575543893,4.39655557486613,-0.916418344326012
1.43275267480234,-1.323954806537,-1.8240146598123
0.350421733533152,0.452442090833073,4.58580710788418
4.29016759769416,-3.84328169850798,2.1597691014057
1.80400908535651,-2.15588982111851,4.06251153227133
2.43692801934369,-2.07467820855942,2.45481995502816
0.663973881190906,-0.565559210519114,-2.14148488277372
0.801708969455024,2.14974591170876,-2.3187471602131
-0.71446046358047,4.38173651327415,-2.09994193853589
-1.18495405001416,0.818550083647627,-4.44506805572371
-1.57428698696119,-1.29152620543472,0.321684259588649
-0.36820832269795,-2.34758846983737,0.0364288898066109
-1.91182768782564,0.377161629934032,0.248578530786989
0.162099814648896,1.74653018535001,0.644641277874618
-3.68881673147348,-0.634885791046062,0.996731571702001
-1.20322933703985,2.30838379885331,-3.33463084215968
0.288823614765554,3.92936185342741,-0.895782305268727
-0.444844580586217,4.89551826467975,-1.85675886442614
0.152223531944719,1.49720095883905,-0.831870574995476
1.08283615793904,-0.306240187248288,-0.863460704273282
0.384235353306589,-3.80135453004977,2.06749877326444
2.15210321290178,-2.7315878556617,4.27405511877808
1.42715797207027,3.23982672868235,-1.35883215734857
0.916417985916077,-4.25199038271151,-3.88581812956477
-1.991157503062,0.471715400435433,5.31325871429556
1.95610911781516,1.65937223058366,1.86022612315714
1.20464052161931,-2.83512886057335,-1.43284225896761
-2.66302820914336,-2.46375351848436,-0.840407176195702
-1.53081176888584,3.16433606763194,1.38679626331605
2.46889606898032,1.69806351170629,0.321852260814457
1.53728873903217,3.30284109028147,-3.45493902708674
-5.12978910585525,-1.17182721649462,-4.52597918697247
-1.83738156278605,1.21540360943474,-3.93552143457925
0.876588035295834,0.994183197985498,-0.355496433504006
1.30199763878159,-0.0552779031566587,5.96240641410072
1.90140186860982,-1.02689529632657,1.38626101615253
-1.33799342932262,2.8015852618174,2.72577706205009
1.42625352283794,2.13366617211216,0.292612762065107
-0.31280022263519,-0.208364127557739,-1.23853327281357
3.49835902800043,-1.73223415464165,4.20855274128215
5.41663781823551,-1.163095456689,0.149356562789477
0.398343714297853,-0.259039153407362,0.403341716906543
0.294824407337771,0.384147531978883,-1.12800260487937
-3.33491966504961,-2.6914949418475,-1.91947311352064
-3.08755108963257,-1.86747580047389,-3.01436772392988
0.577994029406743,4.98887080357146,-5.09282251338031
-3.58576790923825,-0.536950001221905,-0.430814935925078
-3.30060617443004,2.27099637520551,-0.811155975994786
-1.07958671141592,-0.890780129334584,-4.54346362863134
-5.14570669317103,0.18886841929712,2.7903435720271
-1.29552574858619,-3.61658389997182,-3.604044172978
-1.23039318559648,-5.06634385604611,-4.44546801882892
-2.85777179980475,0.789937920349311,-1.10001495982584
-0.829127007018163,2.41518012494273,-1.31020948076785
2.39398284315576,2.7534498423348,-0.678896605899256
1.61769028857418,-2.0294350534423,2.64556052387225
3.62198863136303,-3.81286541412708,2.1832790229986
2.33316875348464,-0.337189283520388,3.20728052116662
-0.373329200545127,0.563917602796453,7.14713448809844
0.0914333955642368,-2.07933831743347,3.19989806073442
4.02978952284134,1.08690824505892,-1.10886339766468
2.00576135149674,-0.376381797074425,2.48777776434125
2.45671420296405,-1.80789724878441,0.516022594132281
-3.73287220712818,-1.98384895046586,1.80380479775713
-2.10694994758277,0.53184322478253,-3.12217060689462
-3.32102273074055,0.465865078987918,-7.04930586649809
-3.47987203884895,8.0325698980273,-5.56693560979519
-4.06781189120928,1.43727002178773,-0.776576204307817
-1.0393598801379,-1.53753420453829,0.267745690260994
-2.11201329791359,-2.0644274903097,2.3883230184812
-1.08752595681653,2.82203250593048,-1.18913315783174
0.490367278534805,0.844530357795137,1.13290004683898
1.65549691502676,1.66926029127049,1.6484694887866
1.25687679042753,2.61345306406725,-2.58639165419394
2.3973502218548,-2.42690062229379,-0.54883790379287
-0.594490861894952,-2.8157802710546,4.05279538097754
1.94392677347296,-2.39954518662565,2.30770939394418
1.16732602654464,-2.32263655124252,0.324479471131588
1.80439241817813,1.05085037533933,1.93625286596807
-1.27436598081007,-1.54006035852915,-1.52372025499081
-1.34007714138309,1.46287835674724,-1.43137283865699
-5.7127194704726,-2.33823209639458,-0.408462900150749
-0.228063284413618,1.63769286046389,-2.09133002766958
-1.35259801929604,1.15752516293382,0.193048580187577
-4.20926807101722,-2.21244315666408,-1.15481705016873
-3.48713664509228,1.2996740479636,0.493141864912011
0.217788451023995,-1.89317074137725,-3.63581656730752
-5.55073642553775,1.74359705162462,1.81162945184164
0.67279445860946,4.54645285030967,-4.38347875616191
-3.59621964801534,6.00857167631314,-1.27025483225577
-1.79086341727708,1.07199637695886,-3.62747102731763
-1.88288791529636,3.35303948131187,-4.11611517814954
0.992740927968686,1.09555381775676,-1.04814664958382
-1.27893230520669,3.06356575329727,1.42686377573625
1.20752259832733,2.26197402751592,0.40809081629461
-1.45009582494785,-2.42272748496257,-3.26166260063723
-5.32670282015151,-2.22223584373477,-0.787211893315024
-0.776653068212384,-1.22298213262401,2.64262924944208
5.02381982634262,-4.89059579866551,0.695886426976174
3.55626001474132,-2.19120194591839,3.41270613339432
4.7404029789244,0.0701504753600974,2.50103897247626
0.766102725378542,-6.49958261184561,1.27123872960361
0.495568628362575,-3.43638153892086,2.65091857659985
-0.265471160426387,-2.44062717447726,-1.41562008426806
-2.51165245480214,-2.68796125350932,0.0895290534580242
1.18586597926581,2.20805922847268,-0.109459618819066
1.64442390770889,0.749885118270348,2.46387817838559
1.58590525494027,-3.20343359518876,3.59141295072326
5.30122547046371,2.37270566058365,0.448546821716846
2.64279646415909,2.10619619014362,4.09375978518851
0.978015028122055,1.63952228029377,2.94526909408817
0.950189192908919,-0.472003990451459,1.46589823646696
-0.0599365040783494,-0.0290033553161452,1.77378107180037
-0.829319303978209,-0.579063102372452,1.14940231612272
-2.03392265569981,-2.33667775442918,-1.54705445931361
-2.07628351238791,2.01580716243406,-5.46186285080595
0.712698104474872,0.682497604243393,3.09301388419856
1.3017093685895,2.87253140071867,1.80045133125483
-1.20113194999442,-3.44584780484572,-0.00606913470458337
1.87754835416921,-3.68050957884122,5.54206515578489
3.90827672141198,1.36368949749708,1.05675870450799
2.11264867862921,-0.0420970067918497,1.85823917173955
5.27842308198913,-2.47643324388441,2.42413513978543
0.723974362979888,0.91544290991108,-0.0906678789197541
2.50701691467528,0.435758378747459,0.914545073595569
0.609283101684142,-0.480128325331031,2.05629474267162
-1.41705605154278,-3.27495038496731,0.696450844665682
0.351107453703474,2.77774911732875,-0.492293840134573
1.71986652093107,3.20193266056261,-0.66759014447195
-0.757617270093232,-0.95089675783721,2.33383386372832
1.34033381849834,0.235479145416955,-0.982716798172216
2.04758978451453,-1.52583934139942,-2.84995976108912
2.70323598419183,1.70843715729016,-1.96962719523222
-0.960701981116297,-0.87926711706253,-1.66373037756853
-1.13095392218393,-0.557505748198398,-4.60669871271321
-4.9339845816842,-1.33346585602918,1.22533659662811
-0.522392359123696,0.856806708254805,-1.85021282883592
-2.89428078517593,3.01140835352403,1.13447843261618
0.767313364882773,-1.50607359315781,1.76040227022373
-1.58113256253615,-1.36450498321796,2.41934387475913
1.57190552340812,-1.32684915581148,-2.50624853093318
1.10453630913069,1.5021986171449,1.39565869147767
-0.103408923426447,-3.5020324196893,0.272537892431103
-2.93017298128426,-3.22423032437521,2.50624475358967
4.46307974945399,-2.21640614268072,4.62986294383481
5.54830749849377,1.13542635094159,2.53565461018346
7.15000823469878,-2.22538982997456,3.85529057082118
5.25268695651672,-2.35463635336122,2.65334355611348
6.05931500981334,0.0942597983238957,3.2281472662543
5.21781007382896,-1.18427713972348,5.1153820460237
2.68801025361265,-1.44729380464616,4.26892014727998
1.98155052605035,1.38571477100815,0.84208774331146
-1.6684478235769,-0.425271534352805,3.50525374876958
0.25495714040829,0.315005416790468,-1.0684661583618
1.54569447511007,-1.36051461225351,-1.04986263976099
-1.70161470353836,-1.90017020189214,-0.662267859502325
-0.935673151031132,-0.0278707635454143,-1.53071025565674
-0.697334274664938,2.43838970021434,1.85907631215866
-1.27047578329853,0.489719347564653,-1.8241584167541
-1.80167598076405,1.59369049142509,2.08427541354267
0.779976721581038,1.77146704953371,-1.4144446096729
1.53262302372005,1.2477154094451,-2.44384310075083
1.41328938178986,-2.25763533984103,-3.07730168878447
-1.06135475561637,-0.855160748082412,-1.62088125998513
-1.21249486094589,1.46166633120762,-0.854301574255204
-3.20688867844441,2.37561575334934,-1.20482791947242
-0.853425797841129,-1.87265459057847,-3.717991031912
-3.29448492381851,-0.862905514860072,-1.57630741721613
0.65835721325174,-0.942073211526423,-3.24812342908333
1.75977955026425,2.91248603060037,-2.88280434581386
-0.631025806466199,-0.127230381174616,-5.27650950688461
-1.86457191533,2.21827838332697,-3.0664106373159
-4.3551331226774,-3.38352409342276,1.31011322976972
1.32993781925719,-2.22298195092224,-0.89372083285079
2.8253717967174,-0.256230940604386,-2.63795991385933
3.39269623170318,2.89065875428547,0.159088482948033
1.46332910750069,6.38137957386755,2.37431185566689
-3.22059211205587,-1.26115730913736,-0.67650771007296
0.295797569252278,-1.76166667430577,-1.1975038836736
1.53413431982018,0.873697758000222,-0.451367402997462
-2.05907963406886,1.94246831779704,-1.96597522915265
-1.88032650212958,-1.76461920985528,-4.57777367560204
-0.726301714379726,-0.94782518669224,2.10125494867418
2.23844850652089,1.68820257654427,0.302942761785946
-0.100700698788385,4.68489925824346,0.34290040916966
-0.333701085111764,5.17560586972838,-0.00817143270134268
0.13051132563455,-1.98761340908192,-0.827247478324582
-0.908185608698243,-0.245566051864643,3.1520267764124
-3.04580127606676,-2.8286759518555,1.60234427816032
-2.11130712378023,0.620526670495958,-3.00464874235505
-0.309671514732075,-1.23914689515894,-2.88849388856844
0.476147623584959,-0.156476303313949,0.224989049743668
1.70725148825689,-0.161303361494305,-0.0905324886296442
3.26555389855042,0.444976056735806,0.0754496263311306
1.26292260512787,-1.87123907966887,-2.1322796141745
-1.43042331875168,-0.583735796862374,-1.65965407543471
-1.57755776856176,-0.0655276833904443,-2.75559333178199
3.95123086785515,2.57891696702598,-2.8772609642419
1.1700978654869,0.838814750402138,3.31120931257356
0.965408633462058,2.87135240420015,4.8418913731205
-0.702514084371963,-2.69950108379415,1.2377798327953
2.22692964120698,0.436237519126512,-1.90561077742544
-0.0248141767076228,-3.21864624474024,2.88559045691888
4.32490805080358,1.68344849891258,-0.84422003909406
-1.49908223401321,-1.88061850893167,-0.174070043004262
-2.60957543986895,-3.03912548559733,0.790201409359263
1.98331063693608,-4.45082200478372,3.81386587690863
4.27017761895401,0.560463173497916,0.903374733938692
-2.60787625609546,-0.0356737005233947,4.5310791935904
-2.81694764404179,-0.248313941759247,0.975572688204806
-1.08449813422812,-0.179568980221545,-2.92834717669519
-1.74616616784087,0.232191228942626,-1.64209473389551
-2.45263619958689,3.93922002147719,-1.41777501307145
-0.802303322361095,1.63777412949882,-4.33878925035785
0.406627957791612,-0.306344790057739,1.73809706376126
3.62607562850413,2.20446761731091,3.02097803720425
0.511419544757772,-1.14932399349197,3.95107027460827
0.407499768865023,-0.157199194790598,1.71303129226813
2.20319978324892,3.29253903931208,-2.81022327264358
1.86145688210263,0.552361273767366,-0.753466041344331
2.72312359572432,1.56084908878331,1.40050126525866
0.255608129845978,-1.41549327734404,0.223444582157691
0.213200047088665,1.16591982458047,1.83950451228979
1.20943031908259,0.592009537272736,2.72591378381431
0.507272209374666,2.25855446882303,3.127781690602
1.75157781165717,-3.3687942959016,-1.79280150434239
2.52943399624724,-1.04723688578005,3.01767463687746
3.30846787779157,-3.39196679412859,3.06762640975032
0.665488641657591,0.608826895377209,2.50720506413505
2.59389375937953,2.44464934794965,2.90313750059533
2.35851913856002,0.648734526584385,0.394746285868986
1.94259014186985,-2.97045663017465,-2.60214453736103
-0.23841216624515,1.12052859572831,0.599372137480551
-0.147159667700063,-3.65346032173653,1.38896801872827
1.79254453409735,-1.83075379429148,-0.907971338683736
0.934089808780611,1.00138247041096,-0.984123283629569
-1.07451332962524,-1.76323604900851,-3.16816446775725
-0.518972050648871,0.46850394494207,-0.693754810778153
-0.0442520704680825,0.626680581226274,0.366635973141691
-0.812590650205174,0.23247934261236,-2.46785706120283
-0.493279460700534,-0.682653612719269,-4.22857086560011
-0.548572940786608,0.875210952732959,-0.0745862729836495
1.84912587071589,1.20718684755208,-2.59846726707122
-2.44495218007972,3.94852712409507,2.99716789047757
0.264014496420192,-3.83363202881849,3.86249471904965
0.892106873460832,-1.00619594259122,0.918094976350325
0.119041111882538,1.13894147531125,0.187659622016233
-1.27903342670872,-1.11523931587955,-2.57089217551464
1.43336472309912,-0.141990334571584,3.32200354030231
-0.241683571230472,-1.20533803343286,4.70516992208743
-1.01029413003334,0.23317440205006,2.66888964105661
1.30399231275436,-2.27417820734129,-4.10743174851108
3.56793339249137,2.8093910868253,-2.97688867842534
3.81152249543038,1.43903543395515,0.332175122817284
1.71147532312942,2.28168941463917,-0.732169619692562
-0.578628922914684,1.71135539869805,3.24406344981193
-1.60889112384459,-0.956355552683885,4.59221760801946
2.69835131993637,-1.94692967481895,-1.8291773920234
0.450520584480138,-1.86422622786364,-0.586345559024139
-1.0178262656791,1.51640154695216,-2.07033587711575
0.21966031591062,2.44691133033383,-1.67368976768152
-2.54940036521452,2.32582558839738,0.619455852488289
-1.13890271115056,2.11794283971189,-2.27434753894647
-1.77005386032463,-0.109377131783142,1.22155231237468
-0.222746872179817,-0.720676993618405,-2.21347585802168
1.4143959413456,0.18582223868585,-2.3065571326618
0.885884641136191,0.468019078322963,-0.382631692216728
-7.17614684186014,2.23693460793676,0.931202915914949
-2.21696813423274,-1.07812402973351,-0.776304320904306
-1.22666637204267,2.45221423564638,2.6177799794182
-0.162117687979958,-0.465489216220665,-2.42472598158395
-2.71917690193213,-4.00486315191661,1.24001068171181
2.7644619648801,-1.68506455210038,2.67871261584426
3.29496479104866,0.544942594351568,1.92891686474918
-0.761578107261753,4.93149507557109,-3.58207815488593
-4.32780746422201,3.80510229699374,0.612649256520615
-3.63206063887946,1.91828221575875,5.46600208478191
-1.29952113619336,-3.10263210537483,2.6787332825492
0.18469059284948,-0.0694369452184093,2.89109230273194
1.58630857175041,2.20501658428361,0.78266930181283
-0.927243503276512,-0.79291686987209,5.62072069542638
2.49110510232994,0.766378647232496,1.55312931357148
-0.0889216021013741,1.09939396484239,1.02671589172014
-3.60396712416006,-1.20923037536204,2.70570919242558
3.77337657465962,3.8821105835099,2.4065019054097
-0.0664280887297106,-0.528965872334937,1.2622321055947
-1.25431749606608,1.50535502453658,-2.18935956098258
0.0587628121453871,0.296802716515277,0.0153975291090034
0.72422537054644,-1.07389362511972,-0.359935383241417
-0.0667417780276395,3.43822378878003,-1.56292074158793
-1.56750290246797,1.21882389505319,-0.8021483154623
2.17397358914298,2.79136104895195,0.391246810783754
-0.669609098210417,2.49077977002795,0.523187239093294
1.69855992617327,1.45575852525941,-0.871623870311534
-0.436174478156386,0.850986933560354,2.93062713191129
-2.04636514248477,0.478421232653737,0.466074937381197
-2.10700458266231,0.0897917158808412,-3.76701201287444
-1.00877971276656,0.374178533551481,-4.6656581077392
-2.93652977359713,-0.677223242610471,-2.92364368872431
-2.10454437217341,-3.40503120089277,-3.12238567018003
-3.36548655258279,0.773416540638362,-1.31780456846371
-1.5468880259157,1.23150348303189,-1.32201200757524
0.444735612393761,2.20181457542066,0.320315500798399
1.95025428522139,1.53923338410126,2.33495666141433
0.438237975054482,0.727731800434257,1.91937953269373
-0.0371454959810349,-0.170265667942221,1.35679145530247
1.27501388192565,1.06028765103079,-4.25908144563282
-2.16951745506475,-3.74130904415464,-0.970499828805708
2.18318827037355,-1.55332676367437,1.89451692681905
2.08750808853472,-1.61542770340452,-1.45028673638234
0.400189662957126,-2.07246020116022,1.67660223897173
7.54922882560693,-1.99283810019406,-3.10972897830673
3.46750206264539,2.33513503675306,0.241599574976738
2.9678296982875,-2.58042670051208,-3.03287639544146
-0.903140915882861,0.797074110492938,-2.2923613740728
-1.62776234768322,-1.30771045010781,-2.39907133093914
0.391925781173494,1.86272194047366,-0.535540600553216
-0.20774665102638,3.10568478600864,0.623433622418094
-1.864836694943,-0.636622996127006,0.797729992292722
-5.47018651790781,2.40121974437391,0.718713916164105
-1.48582526979933,3.75274631611271,-5.72138272004449
1.84005678074981,7.05719100188517,-3.43671562347578
0.310574793921321,2.19710302508653,-7.28686957706768
-6.79349856534583,8.21800193958046,-1.82268407598545
-0.920795218189259,1.86204093471481,-6.2872080112274
-3.25126054602793,1.86847921367284,-5.07426527548189
-0.0381089261567635,-0.0741119315960255,-1.78985095005783
0.919550849000599,4.99649228915747,-2.40344511010692
-3.44680437411586,2.02624509928177,-3.17430061191132
-4.13365067330093,3.93582466566663,0.129820947257835
-5.23841674003608,1.36994698877908,-1.87396002658889
-3.50334914718984,-1.4305178430731,-2.72455340519401
-2.5346656578608,-1.9161727730257,0.738177296265957
3.28076070053897,-0.0797608569407788,-4.0316594563655
3.22074475243909,0.227906059410367,2.79042849195233
2.85292284474945,-3.58870069513102,1.15735166446743
0.80956367569769,-1.92528333012551,6.90406644300116
5.58197148239688,-0.884825369093866,0.554640797206905
0.819414744128367,-2.31691195206752,-1.030006441683
3.44113596584734,2.03470579646496,-2.47860938090857
-2.21485777399541,2.04855821582388,-1.8660851181694
2.01119210568291,1.42749782219787,-0.540307206214152
2.53866939324623,2.22734902420378,-2.96262927792465
0.520573017079728,-0.433052475650541,-1.51744031842188
2.72929158886017,3.0662360893894,0.779467978727079
-4.05455481868534,4.9284515569444,0.327129758626667
-2.49355257725453,0.371957896818184,-2.50281962923921
-1.35674452895947,5.74641559355531,-0.616716759043383
-0.890043839646734,1.9617733160365,-3.71512347794802
-1.29986790214856,2.21150646208488,-0.653977975766924
-1.22352266015061,0.818249201764031,-2.27401946480107
1.36184051449834,0.939032876651508,-0.66925895439513
-3.95424371337296,-1.65030221463308,3.97043662118006
2.41820087220619,1.21323005332096,-2.84468381706215
1.75568621204573,-2.4956194804879,-2.24180939583856
5.14295092596923,0.820520634253675,-1.38089317277171
0.890630540687676,-1.58486330262592,0.245568342137201
1.20746425812707,-1.79924984410752,-2.24125091779783
-0.350340013966578,3.09027500149953,-1.56379050283406
-2.82877470405063,1.7807011249978,-0.593960463245158
1.77406271600724,-2.29474042824273,-3.67801301601022
-0.557299585132903,1.99938729582536,0.720335884074782
2.31707095562676,-0.394100239319527,-1.90523947163973
-1.79357055430369,-1.61163580762438,0.502460969410879
-3.57712160853716,-1.65408128383991,-0.643269784533177
-1.07843090557749,0.474580525170536,-2.09930587299377
-0.554976850530695,-0.576991718845034,-5.12887163404249
-2.97772035058157,-0.122696906167067,-5.37117137778713
-3.40595589043844,0.82814419771717,0.401983159001455
-0.581546593126934,1.08300302457785,1.80301634127377
0.560703159678441,1.52467448586663,0.519026694804442
-0.63455358168752,-6.50356571688786,-2.5064123085407
0.268442893041448,-3.89877898816267,2.28446382450065
1.88004067446732,-1.3330108650083,1.89361025262927
1.61392070791794,-2.34074414785024,3.32218388620897
1.82885023625165,-0.282297852585171,3.76913788205981
1.2386262899761,-1.7067336047713,1.46552703075422
-0.169081824253967,-1.3428806071885,0.354023210712163
3.86814545930508,-1.1943323771498,0.0464027639252662
1.22977788364969,1.39965278067931,2.6481302564446
4.03498225137577,-0.372927549460688,3.786075890014
5.5022953028731,0.315102395626808,1.26433711927867
5.23617417649165,0.696652831132483,2.2798627347894
-0.0184563822721264,0.0406554834863366,-2.87603426137902
0.575402822573737,1.00665325250398,0.464859398564365
-0.798691194493408,-3.95895249341066,3.68105910716532
-3.18432291695404,-0.906642315092661,3.38699682033091
1.50468411472201,-0.6561044945531,3.51114520503697
3.21179516571648,-0.922094862794827,4.48884683070287
0.629258697980513,-1.84359093420401,1.14810634645526
2.45502191025541,1.15910467556823,-0.862312241721855
4.10305717107068,1.55665820517304,2.03787495910005
1.19398560995194,-0.618373001422611,0.614869675336536
0.857986542738193,-1.14793627099525,0.174661533029726
0.315600154880405,-1.08866182713445,0.904657276125867
1.76799304020949,-2.11473599729184,0.56602142214606
-1.71373448051952,-5.16611323932941,1.53561546504557
-0.600467122105244,-1.65625072315669,1.28282428611838
6.10193860470836,-1.72872124298925,0.854915528078614
2.96768880952198,-0.250418720111798,3.27751270176772
-2.46370125967851,-0.606569409804243,-0.687965083351201
4.36195861291115,3.60091145122619,-4.62714776639806
2.61954248081447,-0.691149570680526,1.4553067335584
3.60150235157842,1.15619661766433,-0.632156496169825
-0.6654807334672,-0.277689242408166,1.58602937232978
2.6339945221085,-1.17440374278974,-2.29333447680993
-2.44445275243577,2.46354656410783,2.17850670713706
0.304514818482605,-0.542291446885841,-3.16069585130659
-3.71876872822261,3.94374538778255,1.2802793759916
-0.724705612612163,-0.632140400778942,-3.8744333199387
2.16652094037592,2.29902809456363,0.0975862385478194
-3.33589765615231,-4.21106540151491,3.67954384255625
-5.15734822320675,-3.78591191020893,0.549043008914504
-6.8578848187853,-1.69886467915988,0.551484239382429
-3.74495535442193,-3.22775985728299,1.36137526476013
0.799185035423934,4.79169877167662,-0.543865283325508
0.395767406380281,0.521182130846536,-3.54227044432742
0.06455634093172,-2.67739842906351,1.19395293799374
1.8883368997116,-4.79519058153928,5.84640756451424
2.00421845469109,-1.98495842295405,2.52926118504387
2.0805165399287,0.262275123554408,-1.97777757853674
-0.399051761933664,-0.139053021766303,3.28498843777562
-1.08217244241995,-1.13577132314967,-1.05280599921765
1.85868143572632,4.91023122155699,1.49038481259511
0.603179432569373,-0.527605466806791,1.41041756023402
1.7738197300473,-1.83709182879136,1.51089986872835
1.33919466370594,0.352866700851854,0.418847150109301
2.128532182781,0.510402542427921,-4.00660708650215
-1.64148080156028,1.69108868604189,-5.69849671637705
0.275104661098709,0.474432784656161,-4.850318340024
1.13427121418541,1.8294236231549,-1.15465522399385
0.682296310461722,-1.35874919556083,2.91521900125806
0.391802281609905,-1.62896413333402,0.196632472025716
1.38277966963625,0.0427857903003827,-0.677594775956672
0.649972409575645,1.02729126318634,3.50916069896023
1.12813336565499,2.57323693084134,0.444328131726488
-2.96023285069825,4.63085665704753,-3.26074581233169
-1.136395840602,0.441640936282029,-0.973572220054533
-1.82374356934245,-1.1081634349493,-1.44131763219088
2.55878320974537,-1.96194715380697,0.474215193973571
4.27833436440481,-0.43919669856492,2.05806425260105
5.51876863581654,-2.4758832817483,1.56144578716875
1.06210895834553,-0.0948924237938575,4.75948919836957
0.848003482764646,-2.18937696608182,0.121884132338137
1.43022577863757,-1.6808488100221,-0.225514853520317
-0.18450782739428,-0.994397431609102,0.507143688380476
-1.30282842647491,-0.528890352458126,-2.25900387264732
3.51781396313438,4.26339644196394,2.04588218242006
1.59299476364764,2.37718517638788,0.192392892889603
0.16797954130585,2.05966950836365,-0.515170928289747
3.09493538247138,0.869785021192707,1.33194018708394
-3.48112589189927,-0.795678725685406,1.02903394807269
1.61815585243784,1.02517424288205,1.81009294362586
4.11967019471167,2.69008984568339,1.13345834465067
4.73238897623593,-0.728530428109107,-0.326589010180109
2.38358659533103,1.14807152475394,0.616976871839331
5.06286015549839,-0.0564343350837944,4.88208963980952
4.73700636132495,-0.141335038484182,3.31514681561879
3.48190098178775,-0.539751143916228,4.48534782536741
4.55724220698885,-2.5912531518347,2.54646382912157
1.03411266599931,-0.416286638649276,2.29935284186482
0.0757790285531554,-4.92474937301961,-0.340280431841795
1.10205569135652,-0.0555861815619318,-1.59772894099209
6.01097475923227,0.475067506552779,-0.33986484278552
3.50853540021426,-0.0349503712796255,1.39577863916401
1.72637507568912,-1.33533186550623,3.9744321395092
1.1344094655574,0.820548531441546,3.32539802183244
2.90778838859731,-2.47311838250955,-1.44699638840815
1.3618234657843,0.444426435913792,0.0449942630925385
1.5324404933926,-1.54871088230056,1.42452665736276
0.306599846203967,-1.89940943006089,3.74768828809979
2.68410110618567,1.76488011603175,1.11689396878834
2.66906832809011,-0.0507288157332682,2.2829796591734
3.95774056682777,0.399250207847132,0.590094450307821
-0.059917683548284,-1.53882484425489,4.75499604555406
3.41650583232069,-0.716350513730188,1.38778219529883
1.2663368624814,-1.63669119423131,5.06136862255639
3.49608630184123,2.97883190705354,1.86102420365824
0.0119958372686841,0.526134477206447,2.08455316764687
2.61517060754798,-1.78802099754985,1.61156260764796
0.948412416012568,-1.75740546170895,2.17401038080551
3.77899796838359,-2.99008496782858,0.346497738081528
0.579543149489038,-3.64634591791549,-0.012246863080049
1.07658001016909,-4.20442350668291,0.43603799978107
-0.981015248324121,-4.43146188837289,2.40849871229211
0.542408366537684,-1.8425062252856,3.79345030432448
2.10599375631148,-4.57964037916268,2.91985990508888
2.95651180806992,-3.32114963009897,3.09149374563954
0.265813918024338,-4.24306238085988,0.15907310811333
0.801234130695863,3.9179477520454,-0.427744813345264
-1.11748752440762,1.3479586189189,1.3008385481312
1.10504735874246,2.78782435853124,-3.85212411794609
1.7589943619496,4.24993788646581,-0.199853507139171
-3.77459007376306,5.81375297515735,0.842399302678046
0.313657518892379,0.0654632606534689,0.367359597076597
2.7212257964762,-2.29047692686529,3.11846138435845
-1.24248713489989,-1.52700574849868,4.87657738746739
0.504439242478355,-3.0204800495306,0.576034200168238
2.15668955016457,-3.65809890769614,-1.86216105901611
5.06142280148603,-1.76998175929574,-1.8282214948345
7.96369589356607,-2.26602051229831,3.42163191509671
7.51877825732688,-4.51984652728803,3.27604573176045
1.70612806234216,-2.97059823892391,3.02044033243978
2.84473887253966,2.06718714761547,0.574925914643863
3.17486722199174,-4.1826917327819,-1.79179337989414
0.205003627161129,-6.29086895630507,7.19258144087185
3.21460214509801,-4.33470821061265,2.97292007651131
6.96015086557661,-2.31303871321396,3.57203047390989
7.25434208990916,-2.67138958499847,2.41394849573997
10.0861556824788,-3.21992867306855,-2.72237358044667
5.62563723969547,-4.45671017204197,5.0569113938432
3.72013793554799,-2.65321367969559,4.48474746320702
1.66857920960333,-0.373175846750626,3.56274479529578
0.934924932001637,-4.35117177427504,1.27403863234567
1.64584999938607,3.82240401894303,2.61158179633364
5.66791501846381,-5.48857542859643,1.71832246525708
1.66416816103864,0.161824293566525,0.907060025061382
3.17883167796407,3.27390947316226,-0.746637090547709
0.896909084316561,0.555140096782962,2.59115770013864
-6.57762146730269,-0.135891743194877,0.616307011894667
1.18768485917132,1.44582269985624,-3.37663740840609
4.3956441960951,-2.1568443200267,1.24661006798339
2.10086713565663,1.71107732408686,0.263802469368312
4.10423681741043,-0.271327323769304,-0.456558830831859
-0.425252373725966,0.107799384550974,-1.093141323186
0.783446103270106,-0.461864288886263,-0.577226412953701
0.608726165758301,1.45558361058311,0.531991944733382
1.45914322651341,0.0200996722126867,1.171599080334
2.54410433758038,2.09323024294978,-2.69041435248606
-3.03532408839447,-0.0335075273320871,-0.311969575279447
-2.00118532536093,0.98995691771409,-4.13566221808671
-0.796089769853881,4.03239883251978,-0.771270407609389
0.341527123868963,1.34458641460409,2.34098973888501
1.25715235576449,-0.0819005072227967,0.601067999084031
1.4440947425855,-0.260495331942729,0.11995072146803
0.748718442936506,-0.204685000315344,1.71179980204685
-1.41816621306335,-1.71949616886492,2.93304391355395
0.329427243121655,-3.60275807326486,0.0333787215765791
1.07746312638175,-1.53788673940738,-0.948833095259713
-3.96746429762312,4.72461383484202,-1.81886368087924
0.230161351720386,0.183302272200172,-3.57532741434894
-2.62107890908774,1.8388762887384,0.218282578919716
-6.71088007539876,-0.0740963030697608,-2.81318102638428
-4.0427174212579,-2.7472008710851,-1.62399694591149
-6.33445135859511,0.936704754894918,-1.84899877199788
-1.33904154895159,6.9789803487614,-4.85356361126901
-0.278927836677811,-1.2784146875012,-1.68812492631387
3.60448078009158,-2.80973100017768,0.834965925957747
0.354137389838829,0.183395859365593,6.57400136937359
0.820514128990762,-0.811046337868074,1.15431956742138
3.48847886654803,-1.8124393389897,2.25879246459023
1.53881850946833,1.61995696361087,2.3956010368235
-1.09796699494932,1.69894242367826,-1.48468012825191
-1.02542615111116,2.45046688196958,1.07537748822479
-0.8481802266688,4.22846634314404,-0.872274112722029
1.09234840593781,-0.6093877177473,-0.861054551215272
-2.05065029540538,-0.840674811811179,-0.855867445267433
-1.90427321806162,-0.00930291403599387,1.11934570472759
-3.47467474933016,2.70974323519565,1.30880771240709
-2.24613162729699,-0.32494295811491,-1.12850867140342
-1.68016266003193,-0.936668046013308,0.806310210937241
2.0375348942985,-0.412644457641896,-0.717815887688243
2.09045962095809,-3.10899478213258,0.160235913963738
1.03825701651433,1.05882651616574,0.855897392738723
2.36322404681284,0.989955235929751,-1.47647469536719
-3.23341674041302,-0.321587450366157,-0.971103544670436
-0.57381772493188,1.51853525064336,0.395173258410862
-3.49639172954911,-1.62058757843487,-1.24172491011694
-1.12354053877468,3.04363835950292,-1.709436802004
-5.15438946664674,0.238191946959679,-1.72983550163564
-2.70392445466079,0.496398435417391,-8.22312263783953
-4.04825505794121,0.855631922534882,-2.92130291340462
-5.52073586077915,2.51434593820866,-2.48804164291358
-6.9451744268123,3.89667665615666,-1.60380063186845
-1.4004583277739,0.809727510814609,0.279830019295515
-2.85331309620294,1.08783650524619,4.86456518503258
4.51681451150943,-1.01166687543595,0.535178403304153
1.12576523458669,-0.547221943258397,5.86148188637664
2.24624796550339,0.425338822234504,0.452214144250905
3.24588348301721,-1.71353824728191,-1.27356650794532
0.321642574784007,1.41952450504369,0.277014002736379
-4.46904602827061,-1.74725384442873,4.62112910242903
-1.22743916227925,0.781947005667631,0.373072875882346
2.91095240914614,3.0764628790751,-0.497546375915722
2.04645317545277,-0.301028759473255,-1.0985837926183
-1.36536431453334,-0.537582000453826,0.90699350200394
-1.93811624328942,-0.0681264206187072,-0.797370903586317
-1.11093860240796,1.21825119895756,-0.532325823279145
-1.35653042940414,0.516160358053516,0.516711895853262
-1.46483700855156,-1.8274500072019,-0.0424946537977493
-2.83357654500885,-0.927705115632711,-2.92695232352029
-2.91114692397426,4.05488639541726,1.74147765226372
-1.24255829098367,0.115776289829065,-1.53217099953236
-1.9856787235525,-0.735742450935547,-4.58682724987696
-4.48248050985774,0.6321420614674,-2.90877964524552
-1.69781453283239,0.129333966260173,-2.4989015110367
-0.220243885840249,1.28365654249168,-4.06026109991188
0.262410132672258,0.989368891268522,-0.744107089195761
-1.25589288611903,-0.731235495391254,-1.52812542344288
-2.91741322327468,0.665131584756425,-3.02522305605052
